,clusterName,clusterSize,f_score,recall,precision,TN,FP,FN,TP,marker_count,NSForest_markers,onTarget,binary_genes,uuid
0,Astro_1,21527,0.6796875,0.348,0.8923076923,72623,21,326,174,2,"['SLC1A3', 'HPSE2']",0.0887452215,"['COL5A3', 'AQP4', 'NDRG2', 'SLC1A3', 'HPSE2', 'ARHGAP24', 'TPD52L1', 'GPC5', 'SLC4A4', 'GRM3']",s1k71n3mubtn
1,Astro_2,1878,0.5566801619,0.22,0.9016393443,72632,12,390,110,2,"['LINC01411', 'OBI1-AS1']",0.3804572225,"['USH1C', 'CFAP47', 'LINC01411', 'WDR49', 'TJP2', 'SLC16A9', 'GFAP', 'OBI1-AS1', 'TOGARAM2', 'MMD2']",pnol1yuoheur
2,Astro_3,537,0.5711722488,0.382,0.6518771331,72542,102,309,191,5,"['HEPN1', 'F3', 'AGT', 'GJA1', 'AQP4']",0.2263932526,"['GJB6', 'HEPN1', 'F3', 'AGT', 'GJA1', 'AQP4', 'APOE', 'GLUL', 'CST3', 'TTYH1']",z17co1i6q0jp
3,Astro_4,1198,0.4727979275,0.292,0.5593869732,72529,115,354,146,4,"['PPP1R3C', 'ETNPPL', 'ID4', 'OBI1-AS1']",0.2461850941,"['PPP1R3C', 'JUNB', 'ETNPPL', 'GLI3', 'ID4', 'OBI1-AS1', 'LINC00609', 'MOXD1', 'ID2', 'ADGRV1']",whdswr1tffah
4,Astro_5,2423,0.7512626263,0.476,0.8782287823,72611,33,262,238,2,"['TNC', 'CD44']",1.0,"['TNC', 'AQP1', 'CD44', 'ANGPTL4', 'HSPB8', 'GFAP', 'AQP4', 'ITPKB', 'LINC00609', 'FAM189A2']",nkav43pyw97j
5,Chandelier_1,8705,0.7997481108,0.508,0.9338235294,72626,18,246,254,2,"['CA8', 'GPR149']",0.1802357584,"['COL15A1', 'CA8', 'PLEKHH2', 'NPNT', 'UNC5B', 'TAFA4', 'GPR149', 'MIR4500HG', 'GULP1', 'COL12A1']",arleez95mnxd
6,Endo_1,109,0.8313539192,0.6422018349,0.8974358974,73027,8,39,70,4,"['COLEC12', 'VWF', 'FLT1', 'ABCG2']",0.4706397057,"['IFI27', 'HIGD1B', 'NDUFA4L2', 'COLEC12', 'SLC6A12', 'VWF', 'PTH1R', 'ABCG2', 'PRELP', 'FLT1']",jzyqvjlkpf35
7,Endo_2,800,0.8270877944,0.618,0.9035087719,72611,33,191,309,2,"['HERC2P3', 'PRKCH']",0.528635323,"['HERC2P3', 'PRKCH', 'ABCG2', 'VWF', 'CLDN5', 'ANO2', 'FLT1', 'MECOM', 'ATP10A', 'SLC7A5']",8v8hf30yi6yv
8,L2/3 IT_1,28042,0.5517711172,0.324,0.6694214876,72564,80,338,162,4,"['PRSS12', 'ROS1', 'COL5A2', 'SLC38A11']",0.1224260926,"['PRSS12', 'ROS1', 'COL5A2', 'LAMA2', 'RMST', 'SLC38A11', 'COBLL1', 'RORB', 'CA10', 'KCNH5']",b73hk0eapcpr
9,L2/3 IT_2,37812,0.6621140143,0.446,0.7533783784,72571,73,277,223,3,"['THSD4', 'TESPA1', 'TRPC3']",0.06034488976,"['RTKN2', 'SLC38A11', 'THSD4', 'TESPA1', 'RORB', 'TRPC3', 'GLIS3', 'VAV3', 'MEIS2', 'TAFA1']",y64mx3vqkdbb
10,L2/3 IT_3,5652,0.6751179245,0.458,0.7658862876,72574,70,271,229,4,"['COL27A1', 'ONECUT2', 'MOXD1', 'BMPR1B']",0.2448577881,"['COL27A1', 'MIR3976HG', 'ONECUT2', 'ANKRD62', 'MOXD1', 'BMPR1B', 'LAMA2', 'SV2C', 'TESPA1', 'COL24A1']",9mdbjn1wvd2f
11,L2/3 IT_4,5149,0.6337047354,0.364,0.7777777778,72592,52,318,182,4,"['TPBG', 'FAP', 'ONECUT2', 'COL5A2']",0.2252473384,"['MIR3976HG', 'LINC00836', 'ONECUT2', 'MFGE8', 'TPBG', 'FAP', 'THEMIS', 'COL5A2', 'LAMA2', 'SV2C']",47fjf6hxvl1y
12,L2/3 IT_5,3635,0.5061141304,0.298,0.6131687243,72550,94,351,149,3,"['GPX3', 'ADCYAP1', 'RMST']",0.5411108732,"['GPX3', 'ADCYAP1', 'PRSS12', 'COL5A2', 'LAMA2', 'RMST', 'SCRG1', 'NEFM', 'CA10', 'CUX2']",xreyq1ygq0ik
13,L2/3 IT_6,207759,0.5509868421,0.268,0.748603352,72599,45,366,134,3,"['LINC00507', 'ADAMTS3', 'LY86-AS1']",0.2596549094,"['LINC00508', 'LINC00507', 'ADAMTS3', 'LAMP5', 'LINC01378', 'LY86-AS1', 'HPCAL1', 'SERPINE2', 'MLIP', 'CBLN2']",c8a6v1nerwqh
14,L4 IT_1,42542,0.6129032258,0.304,0.8216216216,72611,33,348,152,3,"['TPBG', 'RP11-197K6.1', 'ST8SIA4']",0.1385918707,"['FSHR', 'SLC22A10', 'SLC22A24', 'SCHLAP1', 'TPBG', 'RP11-197K6.1', 'GABRG1', 'SLC38A11', 'COBLL1', 'TSHZ2']",mgt2n5i20iie
15,L4 IT_2,6235,0.7738095238,0.546,0.8639240506,72601,43,227,273,2,"['C6orf141', 'ST8SIA4']",0.5175915956,"['C6orf141', 'MET', 'NPNT', 'VIPR2', 'PHLDB2', 'RORB', 'SNCAIP', 'NTNG1', 'IL1RAPL2', 'RELN']",ev0xagdfazev
16,L4 IT_3,31827,0.6151315789,0.374,0.7333333333,72576,68,313,187,3,"['TMEM215', 'KCNH8', 'RORB']",0.1109118313,"['TMEM215', 'CACNG5', 'ITM2A', 'KCNH8', 'RORB', 'TRPC3', 'VAV3', 'CEMIP', 'ARHGAP24', 'ARHGAP10']",5elnr79p75nm
17,L4 IT_4,4137,0.6526243094,0.378,0.7974683544,72596,48,311,189,3,"['STAC', 'KCNH8', 'SYT2']",0.1014147401,"['STAC', 'MET', 'TXK', 'KCNH8', 'SYT2', 'LAMA4', 'SV2C', 'VAV3', 'TRPC3', 'SLC24A4']",8nq3659m3nkl
18,L4 IT_5,18918,0.6576797386,0.322,0.8895027624,72624,20,339,161,2,"['COL22A1', 'CMAHP']",0.6400825977,"['COL22A1', 'ADAMTS16', 'CMAHP', 'RP11-197K6.1', 'MYLK', 'OTOGL', 'RMST', 'ANO3', 'TCERG1L', 'TSHZ2']",2gmxk14ucz58
19,L4 IT_6,16163,0.6703910615,0.384,0.8240343348,72603,41,308,192,3,"['PLEKHH2', 'CLMN', 'ST8SIA4']",0.06749126315,"['CCDC68', 'CD74', 'CACNG5', 'STAC', 'PLEKHH2', 'CLMN', 'RORB', 'EYA4', 'TRPC3', 'HS6ST2']",hsat81i88rah
20,L5 ET_1,1614,0.7288918206,0.442,0.8700787402,72611,33,279,221,2,"['LINC00922', 'POU3F1']",0.6281222105,"['LINC00922', 'OR51E2', 'NAALADL2-AS2', 'C5orf64', 'TXK', 'COL5A2', 'ANXA4', 'PROS1', 'COL24A1', 'DCN']",8ybr56c2jtd6
21,L5 ET_2,6561,0.759375,0.486,0.8836363636,72612,32,257,243,3,"['ATP6V1C2', 'LRP2', 'ST8SIA2']",0.2830759883,"['ATP6V1C2', 'SLC66A1L', 'LRP2', 'ST8SIA2', 'CHST8', 'COL5A2', 'CCBE1', 'SULF2', 'VAT1L', 'TCERG1L']",mgi6lpu1t42k
22,L5 ET_3,335,0.8891454965,0.6895522388,0.9585062241,72799,10,104,231,4,"['ONECUT1', 'TTC6', 'SEMA3D', 'FAM189A2']",0.5701438189,"['ONECUT1', 'TTC6', 'WDR72', 'LIPC', 'SEMA3D', 'FAM189A2', 'MYO1E', 'ERG', 'SULF2', 'HTR2C']",md7327l9hrsv
23,L5 ET_4,301,0.7297605473,0.4252491694,0.8888888889,72827,16,173,128,2,"['EHF', 'FGF11']",1.0,"['EHF', 'C1QTNF7', 'FGF11', 'GNA14-AS1', 'LINC00504', 'DNAI1', 'GNA14', 'SYT2', 'ERG', 'EYA4']",ryu9tuap6cjr
24,L5 IT_1,1032,0.625,0.456,0.6888217523,72541,103,272,228,3,"['CHST2', 'TLL1', 'RORB']",0.09858877212,"['CHST2', 'RP11-197K6.1', 'TLL1', 'HPCA', 'LRRK1', 'RORB', 'ARHGAP29', 'MAL2', 'ADAMTSL1', 'NRN1']",wgdhmun9djkb
25,L5 IT_2,86137,0.5685240964,0.302,0.729468599,72588,56,349,151,4,"['NPY2R', 'PCED1B', 'TLL1', 'RORB']",0.1260653436,"['TRABD2A', 'NPY2R', 'PCED1B', 'TLL1', 'ARSJ', 'LRRK1', 'LDLRAD3', 'LY86-AS1', 'ANO3', 'TAFA1']",6ffaqph7uptw
26,L5 IT_3,12848,0.4947916667,0.266,0.6303317536,72566,78,367,133,3,"['RPRM', 'HPCA', 'RORB']",0.05687811226,"['RPRM', 'TRABD2A', 'RCSD1', 'HPCA', 'LRRK1', 'MKX', 'RORB', 'PCP4', 'NRN1', 'IPCEF1']",d4qf4z66a8gg
27,L5 IT_4,11373,0.4421119593,0.278,0.5186567164,72515,129,361,139,4,"['C22orf34', 'LDLRAD3', 'RORB', 'KCNK2']",0.04990389943,"['C22orf34', 'TRABD2A', 'RCSD1', 'LRRK1', 'LDLRAD3', 'MKX', 'SNCAIP', 'PCP4', 'SORCS2', 'CADPS2']",vrxewte4iepd
28,L5 IT_5,2194,0.5813953488,0.32,0.7305936073,72585,59,340,160,4,"['NPNT', 'CA10', 'RORB', 'KCNK2']",0.04070027173,"['MET', 'NPNT', 'PLD1', 'LRRK1', 'CA10', 'SNCAIP', 'PCP4', 'CADPS2', 'GREB1L', 'CDH20']",jpcjruykq4uz
29,L5 IT_6,24416,0.6619822485,0.358,0.8403755869,72610,34,321,179,3,"['NPFFR2', 'SULF2', 'RORB']",0.05394975469,"['TNNT2', 'NPFFR2', 'COBLL1', 'SULF2', 'RXFP1', 'DACH1', 'HS3ST2', 'FOXP2', 'IL1RAPL2', 'SCARA3']",7ynrb6b5cb5s
30,L5/6 NP_1,16127,0.4902597403,0.302,0.5807692308,72535,109,349,151,3,"['BARX2', 'CD36', 'NPSR1-AS1']",0.3424918652,"['CD200R1L', 'BARX2', 'CD36', 'IFNG-AS1', 'NPSR1-AS1', 'CALCRL', 'ABCC9', 'SMIM43', 'HTR2C', 'CRYM']",9r3enupyafz4
31,L5/6 NP_2,133,0.4607508532,0.2030075188,0.675,72998,13,106,27,2,"['SLC17A6', 'CRYM']",0.09239194542,"['CPA6', 'CYP26B1', 'ATOH7', 'ROBO3', 'SLC17A6', 'CRYM', 'NEFM', 'PCP4', 'MT-ND5', 'MARCKS']",htl749o9dt1l
32,L5/6 NP_3,1612,0.5273892774,0.362,0.5953947368,72521,123,319,181,3,"['NPSR1-AS1', 'PLPP3', 'KIT']",0.08081546426,"['IFNG-AS1', 'ROBO3', 'NPSR1-AS1', 'PLPP3', 'SEMA5B', 'KIT', 'HTR4', 'TSHZ2', 'CHN2', 'CUX2']",8u0h0zj58udr
33,L5/6 NP_4,651,0.7406323185,0.506,0.8377483444,72595,49,247,253,3,"['FSHR', 'CLMN', 'TLL1']",0.1092457995,"['SPATA22', 'MYOCD', 'FSHR', 'BARX2', 'CD200R1L', 'CLMN', 'HTR2C', 'SEC24D', 'MEIS2', 'CA10']",pl99oqp3da4o
34,L5/6 NP_5,1547,0.5373831776,0.276,0.7040816327,72586,58,362,138,3,"['COL9A1', 'NPSR1', 'TLL1']",0.2714403272,"['C3orf52', 'COL9A1', 'NPSR1', 'IFNG-AS1', 'GDNF-AS1', 'TLL1', 'RMST', 'SEMA5B', 'HTR2C', 'TSHZ2']",ui2amc2kaygj
35,L5/6 NP_6,509,0.7685614849,0.53,0.8660130719,72603,41,235,265,2,"['NPSR1-AS1', 'ARHGAP42']",0.1049576253,"['NPSR1-AS1', 'ATP2C2', 'SPON1', 'NWD2', 'ITGA8', 'ARHGAP42', 'CDH6', 'TSHZ2', 'GPC5', 'SPHKAP']",puk76drw9fkn
36,L6 CT_1,1503,0.665374677,0.412,0.786259542,72588,56,294,206,3,"['LGR6', 'OR1Q1', 'SULF1']",1.0,"['LGR6', 'CPZ', 'OR1Q1', 'OR1J2', 'SULF1', 'SEMA5B', 'ANO3', 'NRP1', 'HS3ST2', 'SEMA5A']",1tyke2r6k1zz
37,L6 CT_2,12217,0.791868932,0.522,0.9094076655,72618,26,239,261,3,"['SYT6', 'ITGA11', 'SEMA5B']",0.1325713098,"['CELSR1', 'NPY2R', 'VWA2', 'SYT6', 'ITGA11', 'B4GALNT3', 'SEMA3E', 'SERPINE2', 'PCP4', 'CADPS2']",bduuo2z1qre6
38,L6 CT_3,25547,0.6322674419,0.348,0.7945205479,72599,45,326,174,4,"['SULF1', 'MEIS2', 'ADAMTSL1', 'KCNH5']",0.0389386192,"['SULF1', 'SEMA3E', 'MEIS2', 'ADAMTSL1', 'CEMIP2', 'KCNH5', 'HS3ST4', 'SEMA5A', 'EGFEM1P', 'SLIT1']",5etgyixehiq8
39,L6 IT Car3_1,902,0.665,0.532,0.7093333333,72535,109,234,266,1,['LINC00348'],1.0,"['LINC00348', 'IL7R', 'ANXA1', 'SMYD1', 'PPP1R1A', 'POSTN', 'NR4A2', 'OLFML2B', 'THEMIS', 'GFRA1']",y39bi2x5bsas
40,L6 IT Car3_2,25714,0.6594036697,0.46,0.7395498392,72563,81,270,230,2,"['SMYD1', 'ITGB8']",0.2856354117,"['SMYD1', 'NTNG2', 'POSTN', 'OLFML2B', 'ITGB8', 'NWD2', 'CA10', 'TRPC5', 'ARNTL2', 'SATB2']",88gc446cb1rg
41,L6 IT_1,3609,0.6710122699,0.35,0.8706467662,72618,26,325,175,3,"['THEMIS', 'HOPX', 'MKX']",0.07479213923,"['ISLR', 'IGFBP2', 'LINC00507', 'THEMIS', 'HOPX', 'MKX', 'LINC00299', 'TPD52L1', 'DIRAS2', 'NRGN']",hp1nty974nxw
42,L6 IT_2,62845,0.5810546875,0.238,0.9083969466,72632,12,381,119,3,"['LINC00343', 'ADAMTS3', 'PXDN']",0.2752422094,"['LINC00343', 'ADAMTS3', 'THEMIS', 'TMEM233', 'PXDN', 'MOXD1', 'LY86-AS1', 'SEC24D', 'FRMD6', 'SLIT3']",s3bk3y9nv3eh
43,L6b_1,1693,0.5724637681,0.316,0.7181818182,72582,62,342,158,3,"['SEMA3D', 'ITGA11', 'FAM160A1']",0.1302433014,"['MDFIC', 'ROS1', 'SEMA3D', 'DCBLD1', 'ITGA11', 'FAM160A1', 'SEMA3A', 'DACH1', 'EPB41L4A', 'TPD52L1']",g7b324oyiev5
44,L6b_2,15241,0.5657114625,0.458,0.6010498688,72492,152,271,229,2,"['NPFFR2', 'ROS1']",0.2461125255,"['LRAT', 'NPFFR2', 'ZNF503', 'MDFIC', 'ROS1', 'OLFML2B', 'SEMA3D', 'SEMA3E', 'ZFHX3', 'ZBTB7C']",lde1igzm3imn
45,L6b_3,721,0.6928969359,0.398,0.8504273504,72609,35,301,199,2,"['SLC15A5', 'ATP10A']",0.3286720216,"['SCUBE1', 'COLEC10', 'SLC15A5', 'PIK3C2G', 'KCNK13', 'ATP10A', 'CCBE1', 'HCRTR2', 'VCAN', 'ADAMTSL1']",hou7iy6ggbeq
46,L6b_4,2830,0.5812101911,0.292,0.7724867725,72601,43,354,146,2,"['NR4A2', 'ATP8B4']",0.1567029804,"['MDFIC', 'NR4A2', 'OLFML2B', 'ATP8B4', 'NPNT', 'CALCRL', 'ERG', 'RNF220', 'SEMA3C', 'HS3ST4']",i4zr6xs9kcjp
47,L6b_5,451,0.5693519079,0.4168514412,0.6266666667,72581,112,263,188,3,"['NXPH4', 'NR4A2', 'SEMA3E']",0.1751310974,"['NXPH4', 'KRT17', 'MDFIC', 'NR4A2', 'SEMA3D', 'SEMA3E', 'ZFHX3', 'HPCAL1', 'B3GALT2', 'MT-ND5']",7n00its1qgyd
48,L6b_6,3376,0.5703883495,0.282,0.7663043478,72601,43,359,141,3,"['PCOLCE2', 'FAM160A1', 'SULF1']",0.08703772724,"['PCOLCE2', 'ADD3-AS1', 'FAM160A1', 'SULF1', 'CCBE1', 'ZBTB7C', 'SEC24D', 'SEMA3A', 'HTR4', 'ANO3']",1377xktx84gy
49,Lamp5 Lhx6_1,15120,0.8216783217,0.564,0.9276315789,72622,22,218,282,2,"['CHST9', 'LAMP5']",0.2223288119,"['SFTA3_ENSG00000229415', 'SFRP1', 'CHST9', 'CA8', 'PDGFD', 'LAMP5', 'HCRTR2', 'EYA4', 'NTNG1', 'ITGA8']",chweihpgjb5k
50,Lamp5_1,2849,0.4885654886,0.376,0.5280898876,72476,168,312,188,3,"['ADAMTS20', 'KIT', 'FREM1']",0.05696304142,"['ADAMTS20', 'PDGFD', 'KIT', 'TRPC3', 'LINC00299', 'FREM1', 'PRELID2', 'KCNH5', 'RELN', 'POU6F2']",n950sapvemvk
51,Lamp5_2,2023,0.7316272966,0.446,0.87109375,72611,33,277,223,2,"['PBX3', 'KIT']",0.06907599419,"['MDGA1', 'ROR2', 'DOCK5', 'PBX3', 'CCBE1', 'KIT', 'EYA4', 'FGFR2', 'FBN2', 'DPF3']",hfnglb1nahch
52,Lamp5_3,1925,0.6311576355,0.41,0.7295373665,72568,76,295,205,3,"['CA2', 'CPLX3', 'LAMP5']",0.1440291405,"['C1QL2', 'CA2', 'CPLX3', 'LAMP5', 'HAPLN1', 'KIT', 'HPCAL1', 'HSBP1', 'PMEPA1', 'CRH']",tru8aj4w9spg
53,Lamp5_4,13416,0.4042553191,0.304,0.4405797101,72451,193,348,152,4,"['ROR2', 'TRPC3', 'FBXL7', 'LINC00298']",0.07785058022,"['ROR2', 'TACR1', 'KIT', 'TRPC3', 'FBXL7', 'PKP2', 'PRELID2', 'IL1RAP', 'EPHA3', 'PLCXD3']",itunsjov7amk
54,Lamp5_5,4853,0.625,0.434,0.7022653722,72552,92,283,217,3,"['NDNF', 'NPNT', 'LAMP5']",0.1320927739,"['NMBR', 'ADRA1D', 'NDNF', 'PDGFD', 'NPNT', 'LAMP5', 'COL5A2', 'SV2C', 'RELN', 'FREM1']",ivzqjwkugbco
55,Lamp5_6,962,0.6357493857,0.414,0.7340425532,72569,75,293,207,3,"['NDNF', 'KIT', 'TRPC3']",0.05344220996,"['NDNF', 'MYH11', 'CBLN4', 'KIT', 'TRPC3', 'LINC00299', 'FREM1', 'RELN', 'KCNH5', 'PRELID2']",fmvxi0nxm2v9
56,Lamp5_7,518,0.4224137931,0.294,0.4741935484,72481,163,353,147,3,"['MYH11', 'MT-ND4L', 'KIT']",0.06996128708,"['MYH11', 'CPLX3', 'LAMP5', 'MT-ND4L', 'CBLN4', 'KIT', 'HPCAL1', 'SERPINE2', 'MT-ND5', 'FREM1']",e5eya77kn58w
57,Micro/PVM_1,12217,0.9551056338,0.868,0.9796839729,72635,9,66,434,2,"['APBB1IP', 'DOCK8']",0.8080182076,"['APBB1IP', 'P2RY12', 'FYB1', 'SYK', 'CX3CR1', 'TBXAS1', 'CSF1R', 'PTPRC', 'RUNX1', 'ADAM28']",fvvr1wp4z0n5
58,OPC_1,15670,0.8077994429,0.464,0.9914529915,72642,2,268,232,2,"['OLIG2', 'PDGFRA']",0.586427927,"['GPR17', 'FERMT1', 'OLIG2', 'STK32A', 'OLIG1', 'PDGFRA', 'VCAN', 'MEGF11', 'CA10', 'LRRN1']",t2yloi45cf64
59,Oligo_1,183,0.2461362335,0.4699453552,0.2199488491,72656,305,97,86,2,"['CERCAM', 'DOCK5']",0.2140817642,"['CERCAM', 'CNDP1', 'PLP1', 'ENPP2', 'ST18', 'DOCK5', 'RNF220', 'QDPR', 'MT-ND5', 'NCKAP5']",o7nt6y68f7cn
60,Oligo_2,1891,0.8189655172,0.532,0.9466192171,72629,15,234,266,2,"['MBOAT1', 'PLP1']",0.6212890148,"['MBOAT1', 'LRRC63', 'KANK4', 'LRP2', 'SLC5A11', 'ANLN', 'MOBP', 'LINC00609', 'CDK18', 'COL18A1']",xv0bzuaoogdy
61,Oligo_3,346,0.713610586,0.436416185,0.8483146067,72771,27,195,151,2,"['OPALIN', 'LINC01170']",0.4224693179,"['EMC10', 'OPALIN', 'MAL', 'MAG', 'LINC01170', 'PLP1', 'CLDN11', 'DOCK5', 'HHIP', 'CREB5']",y2n6a4kxr06o
62,Oligo_4,49396,0.5434782609,0.4,0.5970149254,72509,135,300,200,3,"['OPALIN', 'TRIM59', 'CERCAM']",0.3512031734,"['OPALIN', 'TRIM59', 'CERCAM', 'CNDP1', 'PLP1', 'MOG', 'ENPP2', 'MOBP', 'ST18', 'DOCK5']",j1h7dcsokbnd
63,Pax6_1,1406,0.7674262735,0.458,0.9233870968,72625,19,271,229,3,"['IGFBP7', 'EPS8', 'HCRTR2']",0.06253144145,"['DOCK8', 'RGS10', 'SLC17A8', 'IGFBP7', 'EPS8', 'ARHGAP6', 'YJEFN3', 'FREM1', 'PLCXD3', 'CLMP']",himz92thhern
64,Pax6_2,2906,0.7676056338,0.436,0.947826087,72632,12,282,218,3,"['TGFBR2', 'BCHE', 'RELN']",0.1677905768,"['TGFBR2', 'BCHE', 'DDR2', 'CPLX3', 'WIF1', 'RELN', 'IL1RAPL2', 'GREB1L', 'ALK', 'MYO16']",t0gfv0w01lwc
65,Pax6_3,987,0.7090163934,0.346,0.9611111111,72637,7,327,173,3,"['PBX3', 'PDLIM5', 'FBN2']",0.07763121277,"['MDGA1', 'PBX3', 'PDLIM5', 'SULF2', 'FBN2', 'CHRNA7', 'GFRA2', 'SDK2', 'PLCXD3', 'CCK']",ukeguy0tm57b
66,Pax6_4,896,0.8731422505,0.658,0.950867052,72627,17,171,329,2,"['PALMD', 'RELN']",0.1225284636,"['SCGN', 'CDH23', 'PAX6', 'PALMD', 'DDR2', 'TLL1', 'TNS3', 'PIEZO2', 'ANGPT1', 'EYA4']",960xwo684vic
67,Pvalb_1,4947,0.6944444444,0.38,0.8755760369,72617,27,310,190,3,"['MYBPC1', 'GPR149', 'SVIL']",0.04585856572,"['MYBPC1', 'ANKRD34B', 'CREB5', 'PHLDB2', 'GPR149', 'SVIL', 'IL1RAPL2', 'THSD7B', 'RIT2', 'ADAMTS17']",gewgwrlyn7vu
68,Pvalb_2,1992,0.7717391304,0.426,0.9681818182,72637,7,287,213,3,"['BCHE', 'SEMA3C', 'GPC5']",0.06709243357,"['MYBPC1', 'WNT16', 'BCHE', 'HGF', 'SEMA3C', 'GPC5', 'HTR2A', 'FAT4', 'RUNX2', 'PTPRK']",wi8feld0vk67
69,Pvalb_3,1941,0.6355932203,0.36,0.7860262009,72595,49,320,180,4,"['TAFA4', 'SYT10', 'ANOS1', 'HTR4']",0.07263541222,"['TAFA4', 'SYT10', 'ANOS1', 'ANGPT1', 'NWD2', 'HTR4', 'CUX2', 'TMEM132C', 'SCN9A', 'SLC9A9']",q240ygm9sec4
70,Pvalb_4,7180,0.4390934844,0.248,0.5438596491,72540,104,376,124,4,"['MT-ND4L', 'RGS5_ENSG00000143248', 'WIF1', 'TAC1']",0.05211424083,"['SLC26A4-AS1', 'SULF1', 'MT-ND4L', 'CRHBP', 'RGS5_ENSG00000143248', 'WIF1', 'TAC1', 'CEMIP', 'MYO5B', 'MT-ND5']",9cw9v6hyqw5h
71,Pvalb_5,5396,0.6364329268,0.334,0.8226600985,72608,36,333,167,4,"['SNTB1', 'COBLL1', 'GPR149', 'TAC1']",0.05028696731,"['MEPE', 'KCNK13', 'SNTB1', 'HGF', 'COBLL1', 'GPR149', 'PLCE1', 'PDGFC', 'GPC5', 'SLIT3']",g2zxdjq4op1c
72,Pvalb_6,48491,0.2925531915,0.198,0.3322147651,72445,199,401,99,4,"['POSTN', 'SULF1', 'CEMIP', 'RNF144B']",0.06235906482,"['POSTN', 'SULF1', 'CEMIP', 'DPP10-AS3', 'MYO5B', 'RNF144B', 'CNTNAP3', 'IL1RAP', 'LYPD6B', 'ADAMTS17']",yuw513ra2jfs
73,Pvalb_7,5707,0.565008726,0.518,0.578125,72455,189,241,259,2,"['SULF1', 'ZNF385D-AS2']",0.08884467185,"['LRRC38', 'HOMER3', 'PVALB', 'SULF1', 'ZNF385D-AS2', 'PXDNL', 'HS3ST1', 'NEAT1', 'ADAMTS17', 'EPHA3']",w3veetvn8l9a
74,Pvalb_8,1046,0.5676733781,0.406,0.6304347826,72525,119,297,203,3,"['CA8', 'FGFR2', 'TAC1']",0.05225411803,"['HOMER3', 'CA8', 'C1QL1', 'LBH', 'SULF1', 'FGFR2', 'TAC1', 'MT-ND5', 'NMNAT3', 'GABRD']",z390n8t2ni1a
75,Pvalb_9,891,0.5845323741,0.52,0.6032482599,72473,171,240,260,2,"['PVALB', 'POSTN']",0.1897684634,"['LRRC38', 'HOMER3', 'PVALB', 'POSTN', 'SULF1', 'SYT2', 'NEFH', 'LGI3', 'SNCG', 'MT-ND5']",4wxs8vhyuut1
76,Sncg_1,3120,0.5883947939,0.434,0.6458333333,72525,119,283,217,3,"['UNC5B', 'TAFA4', 'THSD7B']",0.08121369034,"['BCAS1', 'ADAM33', 'GNG12', 'UNC5B', 'TAFA4', 'NDST4', 'MEGF11', 'TTN', 'PRELID2', 'TAFA1']",e674p1i5wwk7
77,Sncg_2,1748,0.7396788991,0.516,0.8295819936,72591,53,242,258,4,"['FOXO1', 'CA10', 'PRELID2', 'THSD7B']",0.0334940888,"['NDNF', 'SEMA3C', 'FOXO1', 'LINC00299', 'CA10', 'PRELID2', 'THSD7B', 'IL1RAPL2', 'TSHZ2', 'COL12A1']",iu0d1oz85ahn
78,Sncg_3,2069,0.4528985507,0.2,0.6622516556,72593,51,400,100,3,"['SEMA3C', 'MYO1B', 'VAV3']",0.04006400704,"['SYT10', 'TAFA4', 'SEMA3C', 'MYO1B', 'ARHGAP24', 'VAV3', 'PRELID2', 'TAFA1', 'THSD7B', 'CXCL14']",hxq8ejg6skdy
79,Sncg_4,1644,0.6752411576,0.336,0.9032258065,72626,18,332,168,3,"['LINC01539', 'DCN', 'THSD7B']",0.05964647979,"['LINC01539', 'KCNG1', 'COL16A1', 'HCRTR2', 'DCN', 'WIF1', 'ARHGAP42', 'LAMA3', 'SLIT3', 'THSD7B']",wzys0jafd3fd
80,Sncg_5,3398,0.5214285714,0.292,0.6488888889,72565,79,354,146,3,"['COL5A2', 'TMEM47', 'MEGF11']",0.05994750559,"['COL5A2', 'SYT10', 'NDST4', 'TMEM47', 'GLRA3', 'MEGF11', 'LINC00299', 'RELN', 'PRELID2', 'CXCL14']",37ck5nyqk5qw
81,Sncg_6,1074,0.5738434164,0.258,0.8269230769,72617,27,371,129,3,"['THSD7B', 'ADAMTSL1', 'RELN']",0.02994056977,"['SYT10', 'SEMA3C', 'THSD7B', 'ADAMTSL1', 'SDK2', 'RELN', 'SRGAP1', 'ATP2B4', 'COL21A1', 'PTPRK']",bamhs422ryks
82,Sncg_7,894,0.7097791798,0.36,0.9375,72632,12,320,180,3,"['HTR3A', 'SYT9', 'MCTP2']",0.1193992645,"['HTR3A', 'ANO2', 'SYT9', 'TNFAIP8L3', 'MCTP2', 'EDNRA', 'LYPD6', 'ARHGAP18', 'LYPD6B', 'CADPS2']",lsrcz1e172kp
83,Sncg_8,303,0.4947613504,0.2805280528,0.6115107914,72787,54,218,85,3,"['NDST4', 'HTR2C', 'PRELID2']",0.0496952273,"['PCDH20', 'SYT10', 'NDST4', 'HTR2C', 'RASL10A', 'PRELID2', 'IL1RAPL2', 'PLCE1', 'TAFA1', 'GULP1']",5kdsznr3cu59
84,Sst Chodl_1,1218,0.8940261866,0.874,0.8991769547,72595,49,63,437,1,['NPY'],0.6137999296,"['LINC01014', 'CDHR1', 'CHODL', 'NPY', 'FAM163A', 'ANKRD34B', 'NPY2R', 'NOS1', 'CRHBP', 'THSD4']",mtgwqh5mg89l
85,Sst_1,4957,0.5104166667,0.294,0.6255319149,72556,88,353,147,3,"['NDST4', 'ANGPT1', 'EPB41L4A']",0.05335111171,"['KLHL14', 'NDST4', 'ANGPT1', 'VCAN', 'EPB41L4A', 'TRPC6', 'CMTM8', 'ADAMTS6', 'COL25A1', 'SEL1L3']",49btwyuiuc1e
86,Sst_2,2768,0.5613577023,0.344,0.6666666667,72558,86,328,172,3,"['HPGD', 'RGS5_ENSG00000143248', 'SPON1']",0.05032768846,"['HPGD', 'FLT1', 'MOXD1', 'RGS5_ENSG00000143248', 'TAC1', 'SPON1', 'MYO5B', 'HTR4', 'SPHKAP', 'FREM1']",2utifd3iprn0
87,Sst_3,460,0.6936997319,0.45,0.8023255814,72633,51,253,207,3,"['TCF7L1', 'FBXL7', 'CBLN2']",0.03275166452,"['TCF7L1', 'STAC', 'LINC01630', 'MIR4500HG', 'FBXL7', 'CBLN2', 'THSD7B', 'NTNG1', 'RUNX2', 'KCNK2']",eequ9zmppjw4
88,Sst_4,452,0.5479002625,0.3694690265,0.6231343284,72591,101,285,167,4,"['SCARA5', 'PIEZO2', 'CRYBG3', 'PLCH1']",0.08051922172,"['TRPC7', 'SCARA5', 'RSPO3', 'PIEZO2', 'ITGA1', 'CRYBG3', 'KLHL13', 'SPON1', 'CNTNAP3', 'ANKFN1']",yxauhii7go04
89,Sst_5,390,0.5248833593,0.3461538462,0.6026785714,72665,89,255,135,3,"['SH3RF2', 'NPY', 'CALB1']",0.3862000704,"['SH3RF2', 'NPY', 'ADAMTS12', 'CALB1', 'STK32B', 'CBLN4', 'ARHGAP24', 'GULP1', 'IL1RAPL2', 'CPNE4']",l1y5qw2yogx0
90,Sst_6,293,0.3852080123,0.1706484642,0.5617977528,72812,39,243,50,2,"['DPP4', 'MAFB']",0.05771525949,"['GLUL', 'MT-ND4L', 'DPP4', 'SLC9A2', 'NOS1', 'MAFB', 'ROR1', 'DIRAS1', 'MT-ND5', 'ARHGAP10']",jz2syrvz9bxn
91,Sst_7,2716,0.446969697,0.236,0.5756097561,72557,87,382,118,4,"['EPSTI1', 'PIEZO2', 'HPSE2', 'PLCH1']",0.0710818246,"['EPSTI1', 'SMOC2', 'PIEZO2', 'NOS1', 'HPSE2', 'EYA4', 'EYS', 'MYO5B', 'RNF144B', 'PPARG']",vgz7ts5bthw7
92,Sst_8,9593,0.5061619718,0.23,0.7232704403,72600,44,385,115,3,"['STK32A', 'SYT9', 'RELN']",0.1119235978,"['STK32A', 'ADGRG6', 'SYT9', 'EDNRA', 'TTN', 'RELN', 'CBLN2', 'BICC1', 'PCDH15', 'COL21A1']",l7tima47r1ey
93,Sst_9,2520,0.3506097561,0.184,0.4532019704,72533,111,408,92,3,"['MYO10', 'ARHGAP6', 'FREM1']",0.04535326362,"['GXYLT2', 'MYO10', 'EDNRA', 'ANXA4', 'ARHGAP6', 'FREM1', 'FBXL7', 'RNF144B', 'TANC1', 'ADAMTSL3']",sfbnduxrnmk8
94,Sst_10,2466,0.3615384615,0.188,0.47,72538,106,406,94,4,"['HPSE2', 'EYA4', 'SST', 'PLCH1']",0.03274382651,"['MME', 'PROM1', 'NOS1', 'HPSE2', 'TAC1', 'EYA4', 'MAFB', 'EYS', 'SLC24A4', 'PNOC']",m8x9i6fjz8c6
95,Sst_11,10559,0.3489847716,0.22,0.4089219331,72485,159,390,110,3,"['ADGRG6', 'PROM1', 'SYT9']",0.1442073137,"['OTOF', 'ADGRG6', 'PROM1', 'SYT9', 'SLC9A2', 'MCUB', 'EYS', 'ARHGEF28', 'RELN', 'COL25A1']",coc4oggggi1o
96,Sst_12,2288,0.3434844193,0.194,0.4254385965,72513,131,403,97,4,"['CBLN4', 'SLC24A4', 'EYS', 'PLCH1']",0.03417242691,"['RSPO3', 'CBLN4', 'CRYBG3', 'SLC24A4', 'EYS', 'ARHGAP10', 'SNED1', 'COL25A1', 'FRMD4B', 'ADAMTS9-AS2']",wkh7eeon2jjy
97,Sst_13,2226,0.5461876833,0.298,0.6898148148,72577,67,351,149,3,"['FBN2', 'TRPC6', 'EPB41L4A']",0.04587966576,"['ADAMTS20', 'HGF', 'FBN2', 'SPON1', 'TRPC6', 'EPB41L4A', 'GPR149', 'PTPRK', 'SCN9A', 'STXBP6']",pvfd8zv06xsg
98,Sst_14,2204,0.4631474104,0.186,0.7380952381,72611,33,407,93,3,"['SLC9A2', 'ROR1', 'EYA4']",0.04716430232,"['SLC9A2', 'DPP4', 'NOS1', 'MKX', 'ROR1', 'EYA4', 'ARHGAP10', 'CDH6', 'FRMD4B', 'COL25A1']",2ff0s1qs2h86
99,Sst_15,2178,0.45995671,0.17,0.8018867925,72623,21,415,85,4,"['DPP4', 'EPB41L4A', 'FREM1', 'PLCH1']",0.03904420137,"['DPP4', 'EPB41L4A', 'FREM1', 'CEMIP2', 'ARHGAP10', 'VGF', 'PRKG2', 'CLMP', 'MITF', 'TMEM132C']",tn7eq5e4zt2i
100,Sst_16,2118,0.6,0.264,0.88,72626,18,368,132,3,"['LINC01630', 'DACH1', 'VAV3']",0.0490947254,"['ACADL', 'GASK1B', 'LINC01630', 'ZBBX', 'DACH1', 'VAV3', 'LYPD6', 'THSD7B', 'SEMA5A', 'RUNX2']",9gt1zb1m9vge
101,Sst_17,1860,0.4022606383,0.242,0.4820717131,72514,130,379,121,3,"['PROM1', 'EYA2', 'PLCH1']",0.0935036689,"['OTOF', 'MME', 'PROM1', 'EYA2', 'LPAR1', 'SLC9A2', 'TAC1', 'ARHGAP6', 'SLC24A4', 'CHN2']",4djyldjo0aw0
102,Sst_18,1852,0.3430787589,0.23,0.3911564626,72465,179,385,115,4,"['ENOX2', 'PNOC', 'SST', 'RELN']",0.03171800449,"['ENOX2', 'CRHBP', 'PNOC', 'VAT1L', 'SST', 'RELN', 'BICC1', 'PTCHD1-AS', 'PCDH15', 'SEL1L3']",rufna0oigx6n
103,Sst_19,1831,0.7339449541,0.512,0.8231511254,72589,55,244,256,3,"['EPB41L4A', 'GPC5', 'PLCH1']",0.03357978538,"['TH', 'MINAR1', 'EPB41L4A', 'GPC5', 'GULP1', 'RAB3B', 'EGFEM1P', 'SEL1L3', 'PTPRK', 'MAML3']",0c1ylanot1gx
104,Sst_20,1759,0.4671717172,0.37,0.5,72459,185,315,185,3,"['QRFPR', 'HGF', 'RELN']",0.09578680247,"['QRFPR', 'HGF', 'DPP4', 'GLRA3', 'TRIM67', 'RELN', 'NTNG1', 'NEAT1', 'GREB1', 'COL25A1']",qgn7o8g06lu1
105,Sst_21,1749,0.4831560284,0.218,0.6942675159,72596,48,391,109,3,"['ANGPT1', 'FBN2', 'COL24A1']",0.05125998706,"['NOTCH2', 'STK32B', 'ANGPT1', 'FBN2', 'COL24A1', 'MCUB', 'ARHGAP6', 'MYO1B', 'ADAMTSL1', 'CDH6']",z7rtggvlnevh
106,Sst_22,9423,0.4351032448,0.236,0.5514018692,72548,96,382,118,3,"['EPB41L4A', 'ITGA8', 'SST']",0.03073859774,"['INSYN2B', 'TRPC6', 'TAC3', 'EPB41L4A', 'ITGA8', 'SPHKAP', 'PRKG2', 'GHR', 'PREX2', 'NR2F2-AS1']",lyuprtmgzofc
107,Sst_23,1563,0.6134686347,0.266,0.9109589041,72631,13,367,133,3,"['NIBAN1', 'PROM1', 'THSD7B']",0.1293586493,"['NIBAN1', 'KLHL14', 'PROM1', 'HCRTR2', 'FBN2', 'THSD7B', 'GULP1', 'CBLN2', 'TANC1', 'MB21D2']",ezpw7u1fzs2k
108,Sst_24,1555,0.3779069767,0.182,0.5170454545,72559,85,409,91,3,"['NDST4', 'BMP6', 'MYO5B']",0.04334740341,"['NEDD4', 'DKK2', 'NDST4', 'BMP6', 'TAC1', 'MYO5B', 'SLC26A4', 'ARHGAP42', 'SVEP1', 'GHR']",lnvuatpv48c1
109,Sst_25,7312,0.4568965517,0.212,0.6424242424,72585,59,394,106,3,"['BLM', 'CALB1', 'STK32B']",0.1325361431,"['HPGD', 'PENK', 'BLM', 'CALB1', 'STK32B', 'ADAM12', 'CBLN4', 'CRYBG3', 'CREB5', 'EYA4']",3iwdi5j96s2y
110,Sst_26,1485,0.2326233184,0.166,0.2585669782,72406,238,417,83,3,"['MME', 'FBN2', 'MCUB']",0.05033040047,"['MME', 'FBN2', 'ARHGAP6', 'MCUB', 'AHR', 'SLC24A4', 'ADAMTSL1', 'MT-ND5', 'CUX2', 'ELFN1']",4z62zhgx719f
111,Sst_27,1409,0.3916893733,0.23,0.4752066116,72517,127,385,115,4,"['EDNRA', 'MT-ND5', 'FREM1', 'SST']",0.03106813505,"['RCAN3', 'EDNRA', 'MT-ND5', 'FREM1', 'SPHKAP', 'SST', 'EFHD2', 'ALDOC', 'VSTM2B', 'NIPAL3']",6m97kb7tdkti
112,Sst_28,2921,0.5884615385,0.306,0.765,72597,47,347,153,3,"['PROM1', 'NDST4', 'TRPC6']",0.08169220388,"['SLC17A8', 'PROM1', 'QRFPR', 'KLHL1', 'NDST4', 'TRPC6', 'MIR4500HG', 'SPHKAP', 'ITGA8', 'THSD7B']",9cdjr61jfy42
113,Sst_29,1409,0.4135338346,0.176,0.6241134752,72591,53,412,88,3,"['ENPP1', 'QRFPR', 'PIEZO2']",0.127894029,"['SLCO4C1', 'PRLR', 'ENPP1', 'B3GAT2', 'QRFPR', 'PIEZO2', 'EDNRA', 'FREM1', 'TRPC5', 'SPHKAP']",yfcuhghf43pu
114,Sst_30,4334,0.4063786008,0.316,0.4376731302,72441,203,342,158,3,"['NOTCH2', 'HTR2C', 'FBN2']",0.05153189227,"['MME', 'PENK', 'NOTCH2', 'INSYN2B', 'HTR2C', 'FBN2', 'GPR161', 'MCUB', 'ADAMTSL1', 'CUX2']",mkey1nbvt8sm
115,Sst_31,1291,0.4743083004,0.192,0.75,72612,32,404,96,4,"['FRZB', 'CBLN4', 'RGS5_ENSG00000143248', 'ARHGAP10']",0.05487248302,"['LINC00534', 'FRZB', 'ANOS1', 'CBLN4', 'RGS5_ENSG00000143248', 'ARHGAP10', 'TMEM132C', 'ALK', 'COL25A1', 'ITPRID2']",5zlnngd9otrv
116,Sst_32,1206,0.4056728232,0.246,0.4842519685,72513,131,377,123,3,"['HPGD', 'PENK', 'EYA2']",0.1549197435,"['HPGD', 'PENK', 'CALB1', 'EYA2', 'STK32B', 'ANOS1', 'CBLN4', 'MKX', 'COL24A1', 'GULP1']",skt8voebh2b8
117,Sst_33,3553,0.3908668731,0.202,0.5101010101,72547,97,399,101,3,"['CRYBG3', 'BMP6', 'HTR2C']",0.05654806271,"['AGBL1', 'CALB1', 'CRYBG3', 'BMP6', 'INSYN2B', 'HTR2C', 'PCDH8', 'CUX2', 'SPHKAP', 'ANKRD30B']",iv0juo2jzu7a
118,Sst_34,1017,0.5657492355,0.296,0.7326732673,72590,54,352,148,2,"['TTC29', 'TCF7L1']",0.6034216285,"['TTC29', 'PKHD1', 'TCF7L1', 'LINC01630', 'GLRA3', 'ROR1', 'TRIM67', 'TSPAN9', 'CDH7', 'TOX']",hd6e6obkp1l5
119,Sst_35,895,0.5226480836,0.24,0.7407407407,72602,42,380,120,3,"['ACVR1C', 'EYA2', 'TRIM67']",0.1155244485,"['ENPP1', 'ACVR1C', 'EYA2', 'LPAR1', 'LAMA4', 'TRIM67', 'ADAMTSL1', 'ETV1', 'NR2F2-AS1', 'PDE7B']",igky0iimt3z2
120,Sst_36,712,0.6381381381,0.34,0.8173076923,72606,38,330,170,4,"['TRDN', 'ITGA1', 'PARD3B', 'PLCH1']",0.05873247236,"['TRDN', 'WNT16', 'HTR7', 'HGF', 'ITGA1', 'PARD3B', 'ST8SIA4', 'GPC5', 'PLCE1', 'SEMA5A']",fai29xi06mxf
121,Sst_37,639,0.5,0.188,0.8545454545,72628,16,406,94,3,"['PROM1', 'CRHBP', 'SST']",0.06754772365,"['SCARA5', 'NHSL2', 'ADGRG6', 'PROM1', 'RSPO3', 'CRHBP', 'FGF1', 'EYS', 'PNOC', 'SST']",ctojnvk4blt8
122,VLMC_1,139,0.8559498956,0.5899280576,0.9647058824,73002,3,57,82,2,"['TAGLN', 'ACTA2']",1.0,"['TAGLN', 'ACTA2', 'TPM2', 'MCAM', 'MYL9', 'ADIRF', 'RBPMS', 'FLNA', 'MYH11', 'VIM']",nc4ere1aa4uj
123,VLMC_2,626,0.876753507,0.7,0.935828877,72620,24,150,350,2,"['SLC19A1', 'COLEC12']",0.5459851027,"['SLC19A1', 'COLEC12', 'SLC6A13', 'SLC12A7', 'SLC6A12', 'PTH1R', 'CARMN', 'NOTCH3', 'GJC1', 'ITIH5']",y309pu0k7gip
124,Vip_1,11670,0.4007633588,0.252,0.4701492537,72502,142,374,126,3,"['FLT1', 'LRRC1', 'SHISA8']",0.0757227689,"['LCNL1', 'FLT1', 'IGFBP5', 'LRRC1', 'SHISA8', 'TBL1X', 'RNF144B', 'TSHZ2', 'CHN2', 'TMEM163']",yogl18k907w9
125,Vip_2,2864,0.474137931,0.242,0.6237113402,72571,73,379,121,4,"['IGFBP5', 'SLC22A3', 'PTGDS', 'VIP']",0.05969395489,"['SCTR', 'FLT1', 'IGFBP5', 'PTHLH', 'SLC22A3', 'PTGDS', 'TAC3', 'CCNG2', 'SHISA8', 'SVEP1']",quxt3e3nb3e7
126,Vip_3,3298,0.4025,0.322,0.4293333333,72430,214,339,161,3,"['HPSE2', 'TRPC6', 'VIP']",0.04343667626,"['PPP1R1C', 'HPSE2', 'TRPC6', 'EYA4', 'HTR4', 'OPRM1', 'CALB2', 'PLCE1', 'ADRA1B', 'MYO16']",5cgnsnw92v5q
127,Vip_4,4123,0.546875,0.238,0.8095238095,72616,28,381,119,3,"['WNT5A', 'ABI3BP', 'VCAN']",0.1754690856,"['WNT5A', 'NKAIN1', 'ABI3BP', 'SMOC1', 'VCAN', 'LINC00299', 'VIP', 'PCP4', 'ARHGEF28', 'EGFEM1P']",f7z13qv6x3e5
128,Vip_5,3529,0.4801324503,0.232,0.6553672316,72583,61,384,116,3,"['LINC01630', 'IQGAP2', 'THSD4']",0.05891306698,"['FAM126A', 'LINC01630', 'IQGAP2', 'THSD4', 'TAC3', 'MEGF11', 'PCSK6', 'GPR149', 'TPD52L1', 'CA10']",x5lr0bq6estz
129,Vip_6,1599,0.5082179931,0.47,0.5187637969,72426,218,265,235,3,"['SMOC1', 'IQGAP2', 'PARD3B']",0.06690496951,"['ABI3BP', 'NRP2', 'SMOC1', 'PBX3', 'IQGAP2', 'PARD3B', 'MCUB', 'NTNG1', 'ANKFN1', 'EGFEM1P']",ayxpu3tr2pnn
130,Vip_7,1524,0.4005934718,0.216,0.5094339623,72540,104,392,108,4,"['CCN2', 'PCDH18', 'SEMA3C', 'HPSE2']",0.08832390606,"['EGF', 'CCN2', 'PCDH18', 'SEMA3C', 'DACH2', 'HPSE2', 'ARHGAP42', 'PRELID2', 'THSD7B', 'SRGAP1']",gnu10hdvh857
131,Vip_8,1481,0.3183962264,0.162,0.4196891192,72532,112,419,81,3,"['VWDE', 'WSCD1', 'DACH2']",0.08570922166,"['TEK', 'VWDE', 'EGF', 'WSCD1', 'DACH2', 'GALNT10', 'PLPP4', 'RASL10A', 'THSD7B', 'CMTM8']",4tnhzp0v3jbv
132,Vip_9,2524,0.4830210773,0.33,0.5463576159,72507,137,335,165,4,"['SLC7A11', 'TNS3', 'PPP1R1C', 'COBLL1']",0.07960610092,"['LINC01170', 'SLC7A11', 'NPR3', 'TNS3', 'PPP1R1C', 'COBLL1', 'KCNG2', 'ARHGAP24', 'HTR4', 'RNF144B']",yg6csu7u8i0n
133,Vip_10,1443,0.5405405405,0.32,0.6530612245,72559,85,340,160,3,"['ABI3BP', 'KCNG2', 'PARD3B']",0.05019134656,"['ABI3BP', 'LINC00298', 'STK32B', 'KCNG2', 'PARD3B', 'LINC00299', 'ADAMTS6', 'THSD7B', 'SEMA5A', 'NTNG1']",kisldiib0of0
134,Vip_11,5892,0.4352367688,0.25,0.5341880342,72535,109,375,125,4,"['ABI3BP', 'MCTP2', 'SLC22A3', 'PROS1']",0.07843210548,"['HS3ST3A1', 'ABI3BP', 'MCTP2', 'SLC22A3', 'PROS1', 'SMOC1', 'PDLIM5', 'IQGAP2', 'TAC3', 'ARHGEF28']",ac81e385kbo7
135,Vip_12,1286,0.5889057751,0.31,0.7598039216,72595,49,345,155,3,"['SLC7A11', 'HCRTR2', 'EPS8']",0.06585239619,"['TUBA1C', 'LINC00836', 'PDE11A_ENSG00000128655', 'SLC7A11', 'HCRTR2', 'EPS8', 'KIT', 'CHRNA7', 'NCKAP5', 'MLIP']",kj2vbvvrfom4
136,Vip_13,1226,0.4277663934,0.334,0.4600550964,72448,196,333,167,3,"['ST18', 'PTGDS', 'VIP']",0.04810385406,"['DIRAS3', 'PTH2R', 'ST18', 'VWDE', 'PTHLH', 'PTGDS', 'CCNG2', 'SHISA8', 'VIP', 'MARCKSL1']",vdvtkqdkq8s6
137,Vip_14,1220,0.5968468468,0.318,0.7644230769,72595,49,341,159,4,"['ST18', 'KCNH8', 'CA10', 'VIP']",0.05660551786,"['HS3ST3B1', 'PTH2R', 'ST18', 'VWDE', 'KCNH8', 'CA10', 'ROR1', 'THSD7B', 'TAFA1', 'PDE3A']",nc6j18olyx4d
138,Vip_15,1214,0.6172360248,0.318,0.807106599,72606,38,341,159,2,"['SVIL', 'VIP']",0.04200898111,"['ITGBL1', 'LINC01470', 'ST8SIA6', 'SERTM1', 'ADAM12', 'SVIL', 'VIP', 'CNR1', 'VWC2L', 'SLITRK4']",drju36wgwpby
139,Vip_16,1196,0.38,0.152,0.608,72595,49,424,76,4,"['NDST4', 'SEMA3C', 'HTR2C', 'VIP']",0.0590791516,"['NDST4', 'SEMA3C', 'HTR2C', 'CHD7', 'KCNJ2', 'KMO', 'PTN', 'PLPP4', 'DACH2', 'ADAMTSL1']",0p5t489wsnb6
140,Vip_17,1190,0.6040502793,0.346,0.7424892704,72584,60,327,173,2,"['PENK', 'PARD3B']",0.1228725091,"['PENK', 'GFRA1', 'SCN7A', 'NRP2', 'HTR2C', 'PARD3B', 'VIP', 'ADAMTSL1', 'THSD7B', 'PDGFC']",gglx3wi7mc6m
141,Vip_18,2119,0.3895348837,0.134,0.7444444444,72621,23,433,67,3,"['NOX4', 'RXRG', 'NDST4']",0.1049426645,"['NOX4', 'RXRG', 'NDST4', 'ANGPT1', 'PLPP4', 'CRH', 'VIP', 'CALB2', 'ARHGEF28', 'ADRA1B']",0zd6hewn8d9z
142,Vip_19,3549,0.5353075171,0.376,0.5987261146,72518,126,312,188,3,"['CBLN1', 'HTR2C', 'VIP']",0.06045111641,"['CBLN1', 'SCTR', 'SLC22A3', 'HTR2C', 'DCN', 'TAC3', 'TSHZ2', 'GULP1', 'IL1RAPL2', 'RELN']",fs7rmmy2pfzm
143,Vip_20,1881,0.3658536585,0.24,0.4210526316,72479,165,380,120,4,"['CBLN1', 'VIPR2', 'PPP1R1C', 'VIP']",0.08607778698,"['NKAIN1', 'CBLN1', 'HS3ST3A1', 'VIPR2', 'PPP1R1C', 'SMOC1', 'TAC3', 'TRPC6', 'GPR149', 'LAMA3']",w7v13od4se41
144,Vip_21,1000,0.6180811808,0.268,0.9178082192,72632,12,366,134,2,"['ALDH1A2', 'ROR2']",0.333299607,"['SSTR1', 'ALDH1A2', 'PENK', 'ROR2', 'BCHE', 'PTGFR', 'FAM133A', 'NPNT', 'RGMA', 'BMP6']",v3wkktjktys0
145,Vip_22,969,0.5279126214,0.348,0.606271777,72531,113,326,174,3,"['ABI3BP', 'SLC7A11', 'EDNRA']",0.0968509391,"['ABI3BP', 'SLC7A11', 'NPR3', 'EDNRA', 'KCNG2', 'GPR149', 'PCP4', 'GULP1', 'NEAT1', 'ADAMTS17']",dv24o7ey6cc6
146,Vip_23,3717,0.5425126904,0.342,0.6356877323,72546,98,329,171,3,"['KCNH8', 'EDNRA', 'KMO']",0.05450377613,"['SCML4', 'TSPAN11', 'COL9A1', 'KCNH8', 'EDNRA', 'KMO', 'TBL1X', 'RNF144B', 'NCKAP5', 'TAFA1']",hk86uaopvape
147,Vip_24,742,0.3627622378,0.166,0.5155279503,72566,78,417,83,3,"['LYPD1', 'ENHO', 'CHRNA2']",0.09659664333,"['LYPD1', 'NPR3', 'ENHO', 'PPP1R1C', 'KCNG2', 'CHRNA2', 'CRH', 'CALB2', 'B3GALT2', 'MT-ND5']",tlqli1ybnf0e
148,Vip_25,4778,0.5275229358,0.276,0.6831683168,72580,64,362,138,3,"['NOX4', 'IQGAP2', 'CBLN4']",0.06703069061,"['EREG', 'NOX4', 'IQGAP2', 'RGS8', 'CBLN4', 'LYPD6', 'FBN2', 'ITGA8', 'CMTM8', 'B3GLCT']",lity1z265yc7
149,Vip_26,601,0.594795539,0.256,0.8888888889,72628,16,372,128,4,"['SEMA3C', 'LINC01630', 'HPSE2', 'TAC3']",0.06442451477,"['DDR2', 'SEMA3C', 'LINC01630', 'HPSE2', 'MEGF11', 'TAC3', 'DACH2', 'OCA2', 'CMTM8', 'ANKFN1']",0a2hvx9yg5z3
150,Vip_27,489,0.5466778806,0.2658486708,0.7428571429,72610,45,359,130,4,"['DACH2', 'CHRNA7', 'MIR4500HG', 'VIP']",0.03746209666,"['PBX3', 'DACH2', 'GALNT10', 'FBN2', 'CHRNA7', 'MIR4500HG', 'THSD7B', 'PRELID2', 'SRGAP1', 'EGFEM1P']",p383w6z4srjd
151,Vip_28,189,0.376344086,0.1851851852,0.5072463768,72921,34,154,35,2,"['HTR2C', 'DCN']",0.06298408657,"['LGR5', 'BCHE', 'STK32B', 'HTR2C', 'DCN', 'PLPP4', 'NRP1', 'ITGA8', 'GULP1', 'SEMA5A']",x0m61b7ohnmh
152,Vip_29,71,0.4918032787,0.2535211268,0.6428571429,73063,10,53,18,5,"['IQGAP2', 'KCNJ2', 'TAC1', 'MYO5B', 'VIP']",0.02957322635,"['KLHDC8A', 'IQGAP2', 'RGS8', 'KCNJ2', 'TAC1', 'MYO5B', 'EYS', 'CUX2', 'LHX6', 'SOX6']",a6j79ac9d1zv
